id,wholeplot.id,nutrients,splitplot.id,nei.sp,nei.id,nei.density,sown.nei.density,pct.par.interception,nei.herbivore.destruction,av.nei.canopy.height,water.use.slope,water.use.index,spl.splitplot.id,foc.sp,foc.id,comp.type,foc.seed.stndrd,seed.logistic,foc.anpp.stndrd,anpp.logistic
1,1,high,1,c.amoena,c,1,2,0.61,100,0,-1.3,1.3,1,b.hordeaceus,b,inter,0,0,0,0
2,1,high,1,c.amoena,c,1,2,0.61,100,0,-1.3,1.3,2,c.amoena,c,intra,0,0,0,0
3,1,high,1,c.amoena,c,1,2,0.61,100,0,-1.3,1.3,3,l.multiflorum,l,inter,0,0,0.12,1
4,1,high,1,c.amoena,c,1,2,0.61,100,0,-1.3,1.3,4,f.myuros,f,inter,0,0,0.14,1
5,1,high,2,no.nei,n,0,0,3.56,,25,-2.2,2.2,5,b.hordeaceus,b,inter,0,0,0.12,1
6,1,high,2,no.nei,n,0,0,3.56,,25,-2.2,2.2,6,f.myuros,f,inter,0,0,0.28,1
7,1,high,2,no.nei,n,0,0,3.56,,25,-2.2,2.2,7,c.amoena,c,inter,0,0,0,0
8,1,high,2,no.nei,n,0,0,3.56,,25,-2.2,2.2,8,l.multiflorum,l,inter,0,0,0.13,1
9,1,high,3,l.multiflorum,l,1,2,0.26,75,32.5,-2.37,2.37,9,c.amoena,c,inter,0,0,0,0
10,1,high,3,l.multiflorum,l,1,2,0.26,75,32.5,-2.37,2.37,10,l.multiflorum,l,intra,0,0,0,0
11,1,high,3,l.multiflorum,l,1,2,0.26,75,32.5,-2.37,2.37,11,f.myuros,f,inter,0,0,0.08,1
12,1,high,3,l.multiflorum,l,1,2,0.26,75,32.5,-2.37,2.37,12,b.hordeaceus,b,inter,0,0,0,0
13,1,high,4,f.myuros,f,1,2,8.79,0,95,-1.765,1.765,13,c.amoena,c,inter,0,0,0,0
14,1,high,4,f.myuros,f,1,2,8.79,0,95,-1.765,1.765,14,b.hordeaceus,b,inter,0,0,0.09,1
15,1,high,4,f.myuros,f,1,2,8.79,0,95,-1.765,1.765,15,f.myuros,f,intra,0,0,0.04,1
16,1,high,4,f.myuros,f,1,2,8.79,0,95,-1.765,1.765,16,l.multiflorum,l,inter,0,0,0.26,1
17,1,high,5,l.multiflorum,l,2,10,1.56,50,120,-1.465,1.465,17,c.amoena,c,inter,0,0,0,0
18,1,high,5,l.multiflorum,l,2,10,1.56,50,120,-1.465,1.465,18,f.myuros,f,inter,0,0,0,0
19,1,high,5,l.multiflorum,l,2,10,1.56,50,120,-1.465,1.465,19,l.multiflorum,l,intra,0,0,0,0
20,1,high,5,l.multiflorum,l,2,10,1.56,50,120,-1.465,1.465,20,b.hordeaceus,b,inter,0,0,0.14,1
21,1,high,6,b.hordeaceus,b,2,10,26.39,25,182.5,-1.2,1.2,21,l.multiflorum,l,inter,0,0,0.26,1
22,1,high,6,b.hordeaceus,b,2,10,26.39,25,182.5,-1.2,1.2,22,c.amoena,c,inter,0,0,0,0
23,1,high,6,b.hordeaceus,b,2,10,26.39,25,182.5,-1.2,1.2,23,b.hordeaceus,b,intra,4,1,0.04,1
24,1,high,6,b.hordeaceus,b,2,10,26.39,25,182.5,-1.2,1.2,24,f.myuros,f,inter,0,0,0.03,1
25,1,high,7,no.nei,n,0,0,0.87,,0,-0.87,0.87,25,b.hordeaceus,b,inter,0,0,0.14,1
26,1,high,7,no.nei,n,0,0,0.87,,0,-0.87,0.87,26,c.amoena,c,inter,0,0,0,0
27,1,high,7,no.nei,n,0,0,0.87,,0,-0.87,0.87,27,f.myuros,f,inter,0,0,0.19,1
28,1,high,7,no.nei,n,0,0,0.87,,0,-0.87,0.87,28,l.multiflorum,l,inter,0,0,0.33,1
29,1,high,8,f.myuros,f,2,10,60.46,0,120,-0.8,0.8,29,f.myuros,f,intra,0,0,0.06,1
30,1,high,8,f.myuros,f,2,10,60.46,0,120,-0.8,0.8,30,l.multiflorum,l,inter,0,0,0.24,1
31,1,high,8,f.myuros,f,2,10,60.46,0,120,-0.8,0.8,31,b.hordeaceus,b,inter,0,0,0.11,1
32,1,high,8,f.myuros,f,2,10,60.46,0,120,-0.8,0.8,32,c.amoena,c,inter,0,0,0,0
33,1,high,9,c.amoena,c,2,10,9.86,75,75,-0.55,0.55,33,b.hordeaceus,b,inter,0,0,0.08,1
34,1,high,9,c.amoena,c,2,10,9.86,75,75,-0.55,0.55,34,f.myuros,f,inter,0,0,0.16,1
35,1,high,9,c.amoena,c,2,10,9.86,75,75,-0.55,0.55,35,l.multiflorum,l,inter,0,0,0.08,1
36,1,high,9,c.amoena,c,2,10,9.86,75,75,-0.55,0.55,36,c.amoena,c,intra,0,0,0.03,1
37,1,high,10,b.hordeaceus,b,1,2,29.71,0,185,-1.58,1.58,37,b.hordeaceus,b,intra,0,0,0.01,1
38,1,high,10,b.hordeaceus,b,1,2,29.71,0,185,-1.58,1.58,38,l.multiflorum,l,inter,0,0,0.52,1
39,1,high,10,b.hordeaceus,b,1,2,29.71,0,185,-1.58,1.58,39,f.myuros,f,inter,0,0,0.44,1
40,1,high,10,b.hordeaceus,b,1,2,29.71,0,185,-1.58,1.58,40,c.amoena,c,inter,0,0,0.34,1
41,2,low,11,no.nei,n,0,0,0.53,,0,-1.83,1.83,41,l.multiflorum,l,inter,0,0,0.11,1
42,2,low,11,no.nei,n,0,0,0.53,,0,-1.83,1.83,42,b.hordeaceus,b,inter,0,0,0.16,1
43,2,low,11,no.nei,n,0,0,0.53,,0,-1.83,1.83,43,c.amoena,c,inter,0,0,0,0
44,2,low,11,no.nei,n,0,0,0.53,,0,-1.83,1.83,44,f.myuros,f,inter,0,0,0.24,1
45,2,low,12,c.amoena,c,1,2,93.73,0,302.5,-1.065,1.065,45,f.myuros,f,inter,0,0,0.2,1
46,2,low,12,c.amoena,c,1,2,93.73,0,302.5,-1.065,1.065,46,c.amoena,c,intra,361,1,0.71,1
47,2,low,12,c.amoena,c,1,2,93.73,0,302.5,-1.065,1.065,47,l.multiflorum,l,inter,0,0,0.58,1
48,2,low,12,c.amoena,c,1,2,93.73,0,302.5,-1.065,1.065,48,b.hordeaceus,b,inter,98,1,0.53,1
49,2,low,13,f.myuros,f,1,2,10.22,25,62.5,-1.2,1.2,49,b.hordeaceus,b,inter,0,0,0.12,1
50,2,low,13,f.myuros,f,1,2,10.22,25,62.5,-1.2,1.2,50,l.multiflorum,l,inter,0,0,0.68,1
51,2,low,13,f.myuros,f,1,2,10.22,25,62.5,-1.2,1.2,51,f.myuros,f,intra,0,0,0.04,1
52,2,low,13,f.myuros,f,1,2,10.22,25,62.5,-1.2,1.2,52,c.amoena,c,inter,0,0,0.03,1
53,2,low,14,l.multiflorum,l,1,2,28.85,25,312.5,-1.25,1.25,53,f.myuros,f,inter,0,0,0.06,1
54,2,low,14,l.multiflorum,l,1,2,28.85,25,312.5,-1.25,1.25,54,b.hordeaceus,b,inter,0,0,0.18,1
55,2,low,14,l.multiflorum,l,1,2,28.85,25,312.5,-1.25,1.25,55,c.amoena,c,inter,0,0,0,0
56,2,low,14,l.multiflorum,l,1,2,28.85,25,312.5,-1.25,1.25,56,l.multiflorum,l,intra,0,0,0.14,1
57,2,low,15,b.hordeaceus,b,2,10,31.22,0,150,-0.88,0.88,57,c.amoena,c,inter,0,0,0,0
58,2,low,15,b.hordeaceus,b,2,10,31.22,0,150,-0.88,0.88,58,b.hordeaceus,b,intra,29,1,0.28,1
59,2,low,15,b.hordeaceus,b,2,10,31.22,0,150,-0.88,0.88,59,f.myuros,f,inter,0,0,0.07,1
60,2,low,15,b.hordeaceus,b,2,10,31.22,0,150,-0.88,0.88,60,l.multiflorum,l,inter,0,0,0.13,1
61,2,low,16,l.multiflorum,l,2,10,55.11,0,250,-0.3,0.3,61,f.myuros,f,inter,0,0,0.02,1
62,2,low,16,l.multiflorum,l,2,10,55.11,0,250,-0.3,0.3,62,c.amoena,c,inter,0,0,0,0
63,2,low,16,l.multiflorum,l,2,10,55.11,0,250,-0.3,0.3,63,b.hordeaceus,b,inter,0,0,0,0
64,2,low,16,l.multiflorum,l,2,10,55.11,0,250,-0.3,0.3,64,l.multiflorum,l,intra,0,0,0.04,1
65,2,low,17,no.nei,n,0,0,0.09,,0,-3.835,3.835,65,f.myuros,f,inter,0,0,0.24,1
66,2,low,17,no.nei,n,0,0,0.09,,0,-3.835,3.835,66,b.hordeaceus,b,inter,0,0,0.16,1
67,2,low,17,no.nei,n,0,0,0.09,,0,-3.835,3.835,67,c.amoena,c,inter,0,0,0,0
68,2,low,17,no.nei,n,0,0,0.09,,0,-3.835,3.835,68,l.multiflorum,l,inter,0,0,0.17,1
69,2,low,18,f.myuros,f,2,10,41.29,0,87.5,-1.415,1.415,69,l.multiflorum,l,inter,0,0,0.66,1
70,2,low,18,f.myuros,f,2,10,41.29,0,87.5,-1.415,1.415,70,b.hordeaceus,b,inter,23,1,0.12,1
71,2,low,18,f.myuros,f,2,10,41.29,0,87.5,-1.415,1.415,71,c.amoena,c,inter,0,0,0.02,1
72,2,low,18,f.myuros,f,2,10,41.29,0,87.5,-1.415,1.415,72,f.myuros,f,intra,0,0,0.27,1
73,2,low,19,c.amoena,c,2,10,0,100,20,-3.13,3.13,73,c.amoena,c,intra,0,0,0,0
74,2,low,19,c.amoena,c,2,10,0,100,20,-3.13,3.13,74,f.myuros,f,inter,0,0,0.23,1
75,2,low,19,c.amoena,c,2,10,0,100,20,-3.13,3.13,75,l.multiflorum,l,inter,0,0,0.04,1
76,2,low,19,c.amoena,c,2,10,0,100,20,-3.13,3.13,76,b.hordeaceus,b,inter,0,0,0.21,1
77,2,low,20,b.hordeaceus,b,1,2,0,50,117.5,-0.985,0.985,77,l.multiflorum,l,inter,0,0,0,0
78,2,low,20,b.hordeaceus,b,1,2,0,50,117.5,-0.985,0.985,78,b.hordeaceus,b,intra,0,0,0.03,1
79,2,low,20,b.hordeaceus,b,1,2,0,50,117.5,-0.985,0.985,79,f.myuros,f,inter,0,0,0.11,1
80,2,low,20,b.hordeaceus,b,1,2,0,50,117.5,-0.985,0.985,80,c.amoena,c,inter,0,0,0.14,1
81,3,low,21,no.nei,n,0,0,0.99,,20,-1.07,1.07,81,l.multiflorum,l,inter,0,0,0.08,1
82,3,low,21,no.nei,n,0,0,0.99,,20,-1.07,1.07,82,c.amoena,c,inter,0,0,0,0
83,3,low,21,no.nei,n,0,0,0.99,,20,-1.07,1.07,83,f.myuros,f,inter,0,0,0.25,1
84,3,low,21,no.nei,n,0,0,0.99,,20,-1.07,1.07,84,b.hordeaceus,b,inter,0,0,0.16,1
85,3,low,22,f.myuros,f,2,10,60.16,0,127.5,-1.2,1.2,85,b.hordeaceus,b,inter,0,0,0.04,1
86,3,low,22,f.myuros,f,2,10,60.16,0,127.5,-1.2,1.2,86,l.multiflorum,l,inter,0,0,0.12,1
87,3,low,22,f.myuros,f,2,10,60.16,0,127.5,-1.2,1.2,87,f.myuros,f,intra,0,0,0.25,1
88,3,low,22,f.myuros,f,2,10,60.16,0,127.5,-1.2,1.2,88,c.amoena,c,inter,0,0,0.05,1
89,3,low,23,b.hordeaceus,b,2,10,66.46,0,252.5,-1.15,1.15,89,b.hordeaceus,b,intra,30,1,0.32,1
90,3,low,23,b.hordeaceus,b,2,10,66.46,0,252.5,-1.15,1.15,90,c.amoena,c,inter,88,1,0.08,1
91,3,low,23,b.hordeaceus,b,2,10,66.46,0,252.5,-1.15,1.15,91,l.multiflorum,l,inter,0,0,1.92,1
92,3,low,23,b.hordeaceus,b,2,10,66.46,0,252.5,-1.15,1.15,92,f.myuros,f,inter,0,0,0.01,1
93,3,low,24,c.amoena,c,1,2,53.02,75,155,-0.75,0.75,93,f.myuros,f,inter,0,0,0.32,1
94,3,low,24,c.amoena,c,1,2,53.02,75,155,-0.75,0.75,94,c.amoena,c,intra,0,0,0.02,1
95,3,low,24,c.amoena,c,1,2,53.02,75,155,-0.75,0.75,95,b.hordeaceus,b,inter,294,1,1.67,1
96,3,low,24,c.amoena,c,1,2,53.02,75,155,-0.75,0.75,96,l.multiflorum,l,inter,0,0,0.31,1
97,3,low,25,c.amoena,c,2,10,84.12,0,245,-1.065,1.065,97,c.amoena,c,intra,213,1,0.45,1
98,3,low,25,c.amoena,c,2,10,84.12,0,245,-1.065,1.065,98,l.multiflorum,l,inter,141,1,1.01,1
99,3,low,25,c.amoena,c,2,10,84.12,0,245,-1.065,1.065,99,b.hordeaceus,b,inter,79,1,0.25,1
100,3,low,25,c.amoena,c,2,10,84.12,0,245,-1.065,1.065,100,f.myuros,f,inter,0,0,0.15,1
101,3,low,26,l.multiflorum,l,2,10,39.54,0,245,-2.015,2.015,101,f.myuros,f,inter,0,0,0.07,1
102,3,low,26,l.multiflorum,l,2,10,39.54,0,245,-2.015,2.015,102,b.hordeaceus,b,inter,0,0,0.02,1
103,3,low,26,l.multiflorum,l,2,10,39.54,0,245,-2.015,2.015,103,c.amoena,c,inter,0,0,0.03,1
104,3,low,26,l.multiflorum,l,2,10,39.54,0,245,-2.015,2.015,104,l.multiflorum,l,intra,0,0,0.05,1
105,3,low,27,b.hordeaceus,b,1,2,31.17,0,160,-0.7,0.7,105,l.multiflorum,l,inter,0,0,0.17,1
106,3,low,27,b.hordeaceus,b,1,2,31.17,0,160,-0.7,0.7,106,b.hordeaceus,b,intra,14,1,0.17,1
107,3,low,27,b.hordeaceus,b,1,2,31.17,0,160,-0.7,0.7,107,f.myuros,f,inter,0,0,0.56,1
108,3,low,27,b.hordeaceus,b,1,2,31.17,0,160,-0.7,0.7,108,c.amoena,c,inter,0,0,0.41,1
109,3,low,28,l.multiflorum,l,1,2,7.83,25,195,-0.685,0.685,109,b.hordeaceus,b,inter,22,1,0.52,1
110,3,low,28,l.multiflorum,l,1,2,7.83,25,195,-0.685,0.685,110,l.multiflorum,l,intra,0,0,0.03,1
111,3,low,28,l.multiflorum,l,1,2,7.83,25,195,-0.685,0.685,111,c.amoena,c,inter,0,0,0.21,1
112,3,low,28,l.multiflorum,l,1,2,7.83,25,195,-0.685,0.685,112,f.myuros,f,inter,0,0,0.16,1
113,3,low,29,no.nei,n,0,0,0.64,,0,-1.03,1.03,113,c.amoena,c,inter,0,0,0,0
114,3,low,29,no.nei,n,0,0,0.64,,0,-1.03,1.03,114,b.hordeaceus,b,inter,0,0,0.24,1
115,3,low,29,no.nei,n,0,0,0.64,,0,-1.03,1.03,115,l.multiflorum,l,inter,0,0,0.68,1
116,3,low,29,no.nei,n,0,0,0.64,,0,-1.03,1.03,116,f.myuros,f,inter,0,0,0.55,1
117,3,low,30,f.myuros,f,1,2,75.41,0,125,-0.93,0.93,117,c.amoena,c,inter,0,0,0.29,1
118,3,low,30,f.myuros,f,1,2,75.41,0,125,-0.93,0.93,118,l.multiflorum,l,inter,0,0,0.85,1
119,3,low,30,f.myuros,f,1,2,75.41,0,125,-0.93,0.93,119,f.myuros,f,intra,0,0,0.38,1
120,3,low,30,f.myuros,f,1,2,75.41,0,125,-0.93,0.93,120,b.hordeaceus,b,inter,0,0,0.45,1
121,4,high,31,b.hordeaceus,b,2,10,70.58,0,272.5,-0.135,0.135,121,c.amoena,c,inter,264,1,0.45,1
122,4,high,31,b.hordeaceus,b,2,10,70.58,0,272.5,-0.135,0.135,122,f.myuros,f,inter,0,0,0.02,1
123,4,high,31,b.hordeaceus,b,2,10,70.58,0,272.5,-0.135,0.135,123,b.hordeaceus,b,intra,30,1,0.39,1
124,4,high,31,b.hordeaceus,b,2,10,70.58,0,272.5,-0.135,0.135,124,l.multiflorum,l,inter,0,0,1.14,1
125,4,high,32,f.myuros,f,1,2,57.8,25,125,-0.37,0.37,125,f.myuros,f,intra,0,0,0.42,1
126,4,high,32,f.myuros,f,1,2,57.8,25,125,-0.37,0.37,126,b.hordeaceus,b,inter,46,1,1.31,1
127,4,high,32,f.myuros,f,1,2,57.8,25,125,-0.37,0.37,127,l.multiflorum,l,inter,0,0,0.12,1
128,4,high,32,f.myuros,f,1,2,57.8,25,125,-0.37,0.37,128,c.amoena,c,inter,0,0,0,0
129,4,high,33,no.nei,n,0,0,0.47,,0,-1.92,1.92,129,b.hordeaceus,b,inter,0,0,0.48,1
130,4,high,33,no.nei,n,0,0,0.47,,0,-1.92,1.92,130,l.multiflorum,l,inter,0,0,1.61,1
131,4,high,33,no.nei,n,0,0,0.47,,0,-1.92,1.92,131,f.myuros,f,inter,0,0,0.28,1
132,4,high,33,no.nei,n,0,0,0.47,,0,-1.92,1.92,132,c.amoena,c,inter,0,0,7.07,1
133,4,high,34,f.myuros,f,2,10,80.82,0,157.5,0.25,-0.25,133,f.myuros,f,intra,0,0,0.34,1
134,4,high,34,f.myuros,f,2,10,80.82,0,157.5,0.25,-0.25,134,c.amoena,c,inter,0,0,0.13,1
135,4,high,34,f.myuros,f,2,10,80.82,0,157.5,0.25,-0.25,135,l.multiflorum,l,inter,0,0,0.41,1
136,4,high,34,f.myuros,f,2,10,80.82,0,157.5,0.25,-0.25,136,b.hordeaceus,b,inter,0,0,0,0
137,4,high,35,c.amoena,c,1,2,60.4,0,485,-0.55,0.55,137,c.amoena,c,intra,361,1,1.04,1
138,4,high,35,c.amoena,c,1,2,60.4,0,485,-0.55,0.55,138,b.hordeaceus,b,inter,0,0,0.05,1
139,4,high,35,c.amoena,c,1,2,60.4,0,485,-0.55,0.55,139,f.myuros,f,inter,0,0,0.07,1
140,4,high,35,c.amoena,c,1,2,60.4,0,485,-0.55,0.55,140,l.multiflorum,l,inter,0,0,0.41,1
141,4,high,36,no.nei,n,0,0,3.58,,0,-1.08,1.08,141,f.myuros,f,inter,0,0,0.16,1
142,4,high,36,no.nei,n,0,0,3.58,,0,-1.08,1.08,142,b.hordeaceus,b,inter,0,0,0.36,1
143,4,high,36,no.nei,n,0,0,3.58,,0,-1.08,1.08,143,l.multiflorum,l,inter,0,0,0.53,1
144,4,high,36,no.nei,n,0,0,3.58,,0,-1.08,1.08,144,c.amoena,c,inter,528,1,4.81,1
145,4,high,37,l.multiflorum,l,2,10,16.48,0,250,-1.42,1.42,145,b.hordeaceus,b,inter,0,0,0.61,1
146,4,high,37,l.multiflorum,l,2,10,16.48,0,250,-1.42,1.42,146,c.amoena,c,inter,0,0,0,0
147,4,high,37,l.multiflorum,l,2,10,16.48,0,250,-1.42,1.42,147,l.multiflorum,l,intra,0,0,0.04,1
148,4,high,37,l.multiflorum,l,2,10,16.48,0,250,-1.42,1.42,148,f.myuros,f,inter,0,0,0,0
149,4,high,38,l.multiflorum,l,1,2,7.98,25,257.5,-1.2,1.2,149,l.multiflorum,l,intra,1,1,0.14,1
150,4,high,38,l.multiflorum,l,1,2,7.98,25,257.5,-1.2,1.2,150,c.amoena,c,inter,0,0,0.22,1
151,4,high,38,l.multiflorum,l,1,2,7.98,25,257.5,-1.2,1.2,151,b.hordeaceus,b,inter,0,0,0.03,1
152,4,high,38,l.multiflorum,l,1,2,7.98,25,257.5,-1.2,1.2,152,f.myuros,f,inter,0,0,0.12,1
153,4,high,39,b.hordeaceus,b,1,2,71.59,0,195,-1.035,1.035,153,c.amoena,c,inter,4048,1,12.24,1
154,4,high,39,b.hordeaceus,b,1,2,71.59,0,195,-1.035,1.035,154,f.myuros,f,inter,0,0,0.38,1
155,4,high,39,b.hordeaceus,b,1,2,71.59,0,195,-1.035,1.035,155,l.multiflorum,l,inter,0,0,0.51,1
156,4,high,39,b.hordeaceus,b,1,2,71.59,0,195,-1.035,1.035,156,b.hordeaceus,b,intra,1,1,0.19,1
157,4,high,40,c.amoena,c,2,10,84.58,0,345,-1.25,1.25,157,b.hordeaceus,b,inter,74,1,0.99,1
158,4,high,40,c.amoena,c,2,10,84.58,0,345,-1.25,1.25,158,c.amoena,c,intra,403,1,0.67,1
159,4,high,40,c.amoena,c,2,10,84.58,0,345,-1.25,1.25,159,l.multiflorum,l,inter,0,0,0.16,1
160,4,high,40,c.amoena,c,2,10,84.58,0,345,-1.25,1.25,160,f.myuros,f,inter,0,0,0.22,1
161,5,high,41,b.hordeaceus,b,2,10,24.17,0,137.5,-0.4,0.4,161,c.amoena,c,inter,0,0,0,0
162,5,high,41,b.hordeaceus,b,2,10,24.17,0,137.5,-0.4,0.4,162,f.myuros,f,inter,0,0,0.12,1
163,5,high,41,b.hordeaceus,b,2,10,24.17,0,137.5,-0.4,0.4,163,l.multiflorum,l,inter,0,0,0.01,1
164,5,high,41,b.hordeaceus,b,2,10,24.17,0,137.5,-0.4,0.4,164,b.hordeaceus,b,intra,4,1,0.15,1
165,5,high,42,l.multiflorum,l,1,2,0.51,75,22.5,-0.62,0.62,165,f.myuros,f,inter,0,0,0.17,1
166,5,high,42,l.multiflorum,l,1,2,0.51,75,22.5,-0.62,0.62,166,c.amoena,c,inter,0,0,0,0
167,5,high,42,l.multiflorum,l,1,2,0.51,75,22.5,-0.62,0.62,167,l.multiflorum,l,intra,0,0,0.01,1
168,5,high,42,l.multiflorum,l,1,2,0.51,75,22.5,-0.62,0.62,168,b.hordeaceus,b,inter,0,0,0.09,1
169,5,high,43,b.hordeaceus,b,1,2,25.46,0,177.5,-0.385,0.385,169,b.hordeaceus,b,intra,0,0,0.07,1
170,5,high,43,b.hordeaceus,b,1,2,25.46,0,177.5,-0.385,0.385,170,l.multiflorum,l,inter,0,0,0.09,1
171,5,high,43,b.hordeaceus,b,1,2,25.46,0,177.5,-0.385,0.385,171,c.amoena,c,inter,0,0,0,0
172,5,high,43,b.hordeaceus,b,1,2,25.46,0,177.5,-0.385,0.385,172,f.myuros,f,inter,0,0,0.31,1
173,5,high,44,no.nei,n,0,0,0,,0,-1.935,1.935,173,f.myuros,f,inter,0,0,0.41,1
174,5,high,44,no.nei,n,0,0,0,,0,-1.935,1.935,174,l.multiflorum,l,inter,0,0,0.06,1
175,5,high,44,no.nei,n,0,0,0,,0,-1.935,1.935,175,b.hordeaceus,b,inter,0,0,0.11,1
176,5,high,44,no.nei,n,0,0,0,,0,-1.935,1.935,176,c.amoena,c,inter,0,0,0.58,1
177,5,high,45,l.multiflorum,l,2,10,2.65,50,95,-0.915,0.915,177,l.multiflorum,l,intra,0,0,0.02,1
178,5,high,45,l.multiflorum,l,2,10,2.65,50,95,-0.915,0.915,178,c.amoena,c,inter,0,0,0,0
179,5,high,45,l.multiflorum,l,2,10,2.65,50,95,-0.915,0.915,179,b.hordeaceus,b,inter,26,1,0.13,1
180,5,high,45,l.multiflorum,l,2,10,2.65,50,95,-0.915,0.915,180,f.myuros,f,inter,0,0,0.08,1
181,5,high,46,c.amoena,c,2,10,25,50,365,0.065,-0.065,181,b.hordeaceus,b,inter,0,0,0.04,1
182,5,high,46,c.amoena,c,2,10,25,50,365,0.065,-0.065,182,f.myuros,f,inter,0,0,0.06,1
183,5,high,46,c.amoena,c,2,10,25,50,365,0.065,-0.065,183,c.amoena,c,intra,12,1,0.21,1
184,5,high,46,c.amoena,c,2,10,25,50,365,0.065,-0.065,184,l.multiflorum,l,inter,19,1,0.2,1
185,5,high,47,f.myuros,f,2,10,56.44,0,157.5,-0.37,0.37,185,b.hordeaceus,b,inter,0,0,0,0
186,5,high,47,f.myuros,f,2,10,56.44,0,157.5,-0.37,0.37,186,f.myuros,f,intra,0,0,0.41,1
187,5,high,47,f.myuros,f,2,10,56.44,0,157.5,-0.37,0.37,187,l.multiflorum,l,inter,0,0,0,0
188,5,high,47,f.myuros,f,2,10,56.44,0,157.5,-0.37,0.37,188,c.amoena,c,inter,0,0,0,0
189,5,high,48,c.amoena,c,1,2,30.08,75,267.5,-1.35,1.35,189,b.hordeaceus,b,inter,0,0,0.08,1
190,5,high,48,c.amoena,c,1,2,30.08,75,267.5,-1.35,1.35,190,c.amoena,c,intra,0,0,0.14,1
191,5,high,48,c.amoena,c,1,2,30.08,75,267.5,-1.35,1.35,191,f.myuros,f,inter,0,0,0.25,1
192,5,high,48,c.amoena,c,1,2,30.08,75,267.5,-1.35,1.35,192,l.multiflorum,l,inter,0,0,0.33,1
193,5,high,49,f.myuros,f,1,2,54.46,0,145,-0.715,0.715,193,f.myuros,f,intra,0,0,0.2,1
194,5,high,49,f.myuros,f,1,2,54.46,0,145,-0.715,0.715,194,b.hordeaceus,b,inter,0,0,0,0
195,5,high,49,f.myuros,f,1,2,54.46,0,145,-0.715,0.715,195,l.multiflorum,l,inter,0,0,0.38,1
196,5,high,49,f.myuros,f,1,2,54.46,0,145,-0.715,0.715,196,c.amoena,c,inter,0,0,0,0
197,5,high,50,no.nei,n,0,0,1.65,,0,-0.215,0.215,197,f.myuros,f,inter,0,0,0.26,1
198,5,high,50,no.nei,n,0,0,1.65,,0,-0.215,0.215,198,b.hordeaceus,b,inter,0,0,0.17,1
199,5,high,50,no.nei,n,0,0,1.65,,0,-0.215,0.215,199,c.amoena,c,inter,0,0,0,0
200,5,high,50,no.nei,n,0,0,1.65,,0,-0.215,0.215,200,l.multiflorum,l,inter,0,0,0.23,1
201,6,low,51,l.multiflorum,l,2,10,40.64,0,225,-0.33,0.33,201,f.myuros,f,inter,0,0,0.02,1
202,6,low,51,l.multiflorum,l,2,10,40.64,0,225,-0.33,0.33,202,l.multiflorum,l,intra,0,0,0.02,1
203,6,low,51,l.multiflorum,l,2,10,40.64,0,225,-0.33,0.33,203,b.hordeaceus,b,inter,0,0,0.04,1
204,6,low,51,l.multiflorum,l,2,10,40.64,0,225,-0.33,0.33,204,c.amoena,c,inter,0,0,0.11,1
205,6,low,52,c.amoena,c,2,10,56.47,0,252.5,-0.25,0.25,205,b.hordeaceus,b,inter,73,1,0.21,1
206,6,low,52,c.amoena,c,2,10,56.47,0,252.5,-0.25,0.25,206,f.myuros,f,inter,0,0,0.21,1
207,6,low,52,c.amoena,c,2,10,56.47,0,252.5,-0.25,0.25,207,l.multiflorum,l,inter,168,1,3.12,1
208,6,low,52,c.amoena,c,2,10,56.47,0,252.5,-0.25,0.25,208,c.amoena,c,intra,345,1,0.52,1
209,6,low,53,c.amoena,c,1,2,75,0,270,-0.17,0.17,209,f.myuros,f,inter,0,0,0.28,1
210,6,low,53,c.amoena,c,1,2,75,0,270,-0.17,0.17,210,b.hordeaceus,b,inter,186,1,0.86,1
211,6,low,53,c.amoena,c,1,2,75,0,270,-0.17,0.17,211,c.amoena,c,intra,229,1,0.39,1
212,6,low,53,c.amoena,c,1,2,75,0,270,-0.17,0.17,212,l.multiflorum,l,inter,0,0,0.86,1
213,6,low,54,f.myuros,f,1,2,26.59,25,75,-1.085,1.085,213,b.hordeaceus,b,inter,0,0,0.05,1
214,6,low,54,f.myuros,f,1,2,26.59,25,75,-1.085,1.085,214,l.multiflorum,l,inter,0,0,0.25,1
215,6,low,54,f.myuros,f,1,2,26.59,25,75,-1.085,1.085,215,c.amoena,c,inter,0,0,0.78,1
216,6,low,54,f.myuros,f,1,2,26.59,25,75,-1.085,1.085,216,f.myuros,f,intra,0,0,0.11,1
217,6,low,55,b.hordeaceus,b,1,2,51.1,0,132.5,-0.285,0.285,217,l.multiflorum,l,inter,0,0,0.36,1
218,6,low,55,b.hordeaceus,b,1,2,51.1,0,132.5,-0.285,0.285,218,f.myuros,f,inter,0,0,0.21,1
219,6,low,55,b.hordeaceus,b,1,2,51.1,0,132.5,-0.285,0.285,219,c.amoena,c,inter,0,0,0.5,1
220,6,low,55,b.hordeaceus,b,1,2,51.1,0,132.5,-0.285,0.285,220,b.hordeaceus,b,intra,15,1,0.21,1
221,6,low,56,f.myuros,f,2,10,34.54,0,90,0.27,-0.27,221,f.myuros,f,intra,0,0,0.22,1
222,6,low,56,f.myuros,f,2,10,34.54,0,90,0.27,-0.27,222,c.amoena,c,inter,0,0,0.02,1
223,6,low,56,f.myuros,f,2,10,34.54,0,90,0.27,-0.27,223,b.hordeaceus,b,inter,7,1,0.09,1
224,6,low,56,f.myuros,f,2,10,34.54,0,90,0.27,-0.27,224,l.multiflorum,l,inter,0,0,0.01,1
225,6,low,57,no.nei,n,0,0,3.42,,0,-1.2,1.2,225,b.hordeaceus,b,inter,0,0,0.07,1
226,6,low,57,no.nei,n,0,0,3.42,,0,-1.2,1.2,226,c.amoena,c,inter,0,0,0.31,1
227,6,low,57,no.nei,n,0,0,3.42,,0,-1.2,1.2,227,l.multiflorum,l,inter,0,0,0.14,1
228,6,low,57,no.nei,n,0,0,3.42,,0,-1.2,1.2,228,f.myuros,f,inter,0,0,0.44,1
229,6,low,58,b.hordeaceus,b,2,10,26.04,25,115,-1.135,1.135,229,b.hordeaceus,b,intra,1,1,0.06,1
230,6,low,58,b.hordeaceus,b,2,10,26.04,25,115,-1.135,1.135,230,l.multiflorum,l,inter,0,0,0.07,1
231,6,low,58,b.hordeaceus,b,2,10,26.04,25,115,-1.135,1.135,231,f.myuros,f,inter,0,0,0.08,1
232,6,low,58,b.hordeaceus,b,2,10,26.04,25,115,-1.135,1.135,232,c.amoena,c,inter,0,0,0.02,1
233,6,low,59,l.multiflorum,l,1,2,9.46,0,250,-0.565,0.565,233,f.myuros,f,inter,0,0,0.04,1
234,6,low,59,l.multiflorum,l,1,2,9.46,0,250,-0.565,0.565,234,c.amoena,c,inter,0,0,0,0
235,6,low,59,l.multiflorum,l,1,2,9.46,0,250,-0.565,0.565,235,l.multiflorum,l,intra,0,0,0.06,1
236,6,low,59,l.multiflorum,l,1,2,9.46,0,250,-0.565,0.565,236,b.hordeaceus,b,inter,0,0,0.43,1
237,6,low,60,no.nei,n,0,0,12.59,,0,-2.465,2.465,237,l.multiflorum,l,inter,0,0,0.19,1
238,6,low,60,no.nei,n,0,0,12.59,,0,-2.465,2.465,238,c.amoena,c,inter,0,0,0.12,1
239,6,low,60,no.nei,n,0,0,12.59,,0,-2.465,2.465,239,b.hordeaceus,b,inter,0,0,0.22,1
240,6,low,60,no.nei,n,0,0,12.59,,0,-2.465,2.465,240,f.myuros,f,inter,0,0,0.18,1
241,7,high,61,c.amoena,c,1,2,0.1,100,15,-0.25,0.25,241,b.hordeaceus,b,inter,9,1,0.17,1
242,7,high,61,c.amoena,c,1,2,0.1,100,15,-0.25,0.25,242,c.amoena,c,intra,0,0,0,0
243,7,high,61,c.amoena,c,1,2,0.1,100,15,-0.25,0.25,243,l.multiflorum,l,inter,0,0,0.16,1
244,7,high,61,c.amoena,c,1,2,0.1,100,15,-0.25,0.25,244,f.myuros,f,inter,0,0,0.26,1
245,7,high,62,l.multiflorum,l,2,10,15.22,25,205,-0.33,0.33,245,b.hordeaceus,b,inter,0,0,0.09,1
246,7,high,62,l.multiflorum,l,2,10,15.22,25,205,-0.33,0.33,246,c.amoena,c,inter,0,0,0,0
247,7,high,62,l.multiflorum,l,2,10,15.22,25,205,-0.33,0.33,247,f.myuros,f,inter,0,0,0.06,1
248,7,high,62,l.multiflorum,l,2,10,15.22,25,205,-0.33,0.33,248,l.multiflorum,l,intra,0,0,0.11,1
249,7,high,63,c.amoena,c,2,10,0,100,7.5,-1.25,1.25,249,f.myuros,f,inter,0,0,0.15,1
250,7,high,63,c.amoena,c,2,10,0,100,7.5,-1.25,1.25,250,c.amoena,c,intra,0,0,0,0
251,7,high,63,c.amoena,c,2,10,0,100,7.5,-1.25,1.25,251,l.multiflorum,l,inter,0,0,0.05,1
252,7,high,63,c.amoena,c,2,10,0,100,7.5,-1.25,1.25,252,b.hordeaceus,b,inter,0,0,0,0
253,7,high,64,no.nei,n,0,0,1.85,,0,-1.27,1.27,253,f.myuros,f,inter,0,0,0.33,1
254,7,high,64,no.nei,n,0,0,1.85,,0,-1.27,1.27,254,l.multiflorum,l,inter,0,0,0.49,1
255,7,high,64,no.nei,n,0,0,1.85,,0,-1.27,1.27,255,b.hordeaceus,b,inter,0,0,0.17,1
256,7,high,64,no.nei,n,0,0,1.85,,0,-1.27,1.27,256,c.amoena,c,inter,0,0,0.42,1
257,7,high,65,b.hordeaceus,b,2,10,0,75,42.5,-0.3,0.3,257,f.myuros,f,inter,0,0,0.03,1
258,7,high,65,b.hordeaceus,b,2,10,0,75,42.5,-0.3,0.3,258,b.hordeaceus,b,intra,0,0,0.04,1
259,7,high,65,b.hordeaceus,b,2,10,0,75,42.5,-0.3,0.3,259,c.amoena,c,inter,0,0,0,0
260,7,high,65,b.hordeaceus,b,2,10,0,75,42.5,-0.3,0.3,260,l.multiflorum,l,inter,0,0,0.07,1
261,7,high,66,l.multiflorum,l,1,2,2.39,50,77.5,-1.735,1.735,261,c.amoena,c,inter,0,0,0,0
262,7,high,66,l.multiflorum,l,1,2,2.39,50,77.5,-1.735,1.735,262,b.hordeaceus,b,inter,0,0,0.22,1
263,7,high,66,l.multiflorum,l,1,2,2.39,50,77.5,-1.735,1.735,263,f.myuros,f,inter,0,0,0.08,1
264,7,high,66,l.multiflorum,l,1,2,2.39,50,77.5,-1.735,1.735,264,l.multiflorum,l,intra,0,0,0.01,1
265,7,high,67,b.hordeaceus,b,1,2,1.56,100,20,-0.835,0.835,265,b.hordeaceus,b,intra,0,0,0.01,1
266,7,high,67,b.hordeaceus,b,1,2,1.56,100,20,-0.835,0.835,266,l.multiflorum,l,inter,0,0,0.09,1
267,7,high,67,b.hordeaceus,b,1,2,1.56,100,20,-0.835,0.835,267,c.amoena,c,inter,0,0,0,0
268,7,high,67,b.hordeaceus,b,1,2,1.56,100,20,-0.835,0.835,268,f.myuros,f,inter,0,0,0.02,1
269,7,high,68,f.myuros,f,2,10,26.89,25,130,0.23,-0.23,269,c.amoena,c,inter,0,0,0,0
270,7,high,68,f.myuros,f,2,10,26.89,25,130,0.23,-0.23,270,b.hordeaceus,b,inter,0,0,0.07,1
271,7,high,68,f.myuros,f,2,10,26.89,25,130,0.23,-0.23,271,l.multiflorum,l,inter,0,0,0.01,1
272,7,high,68,f.myuros,f,2,10,26.89,25,130,0.23,-0.23,272,f.myuros,f,intra,0,0,0.09,1
273,7,high,69,no.nei,n,0,0,0.11,,0,-0.565,0.565,273,b.hordeaceus,b,inter,0,0,0.07,1
274,7,high,69,no.nei,n,0,0,0.11,,0,-0.565,0.565,274,l.multiflorum,l,inter,0,0,0.06,1
275,7,high,69,no.nei,n,0,0,0.11,,0,-0.565,0.565,275,c.amoena,c,inter,0,0,0,0
276,7,high,69,no.nei,n,0,0,0.11,,0,-0.565,0.565,276,f.myuros,f,inter,0,0,0.15,1
277,7,high,70,f.myuros,f,1,2,46.72,25,97.5,-0.765,0.765,277,c.amoena,c,inter,0,0,0.09,1
278,7,high,70,f.myuros,f,1,2,46.72,25,97.5,-0.765,0.765,278,f.myuros,f,intra,0,0,0.13,1
279,7,high,70,f.myuros,f,1,2,46.72,25,97.5,-0.765,0.765,279,b.hordeaceus,b,inter,5,1,0.08,1
280,7,high,70,f.myuros,f,1,2,46.72,25,97.5,-0.765,0.765,280,l.multiflorum,l,inter,0,0,0.29,1
281,8,low,71,no.nei,n,0,0,1.69,,0,-1.135,1.135,281,f.myuros,f,inter,0,0,0.27,1
282,8,low,71,no.nei,n,0,0,1.69,,0,-1.135,1.135,282,l.multiflorum,l,inter,0,0,0.05,1
283,8,low,71,no.nei,n,0,0,1.69,,0,-1.135,1.135,283,b.hordeaceus,b,inter,0,0,0.04,1
284,8,low,71,no.nei,n,0,0,1.69,,0,-1.135,1.135,284,c.amoena,c,inter,0,0,0,0
285,8,low,72,c.amoena,c,2,10,2.22,75,47.5,-0.47,0.47,285,b.hordeaceus,b,inter,7,1,0.07,1
286,8,low,72,c.amoena,c,2,10,2.22,75,47.5,-0.47,0.47,286,c.amoena,c,intra,0,0,0.02,1
287,8,low,72,c.amoena,c,2,10,2.22,75,47.5,-0.47,0.47,287,l.multiflorum,l,inter,0,0,0.04,1
288,8,low,72,c.amoena,c,2,10,2.22,75,47.5,-0.47,0.47,288,f.myuros,f,inter,0,0,0.05,1
289,8,low,73,b.hordeaceus,b,2,10,1.59,75,25,-1.17,1.17,289,c.amoena,c,inter,0,0,0,0
290,8,low,73,b.hordeaceus,b,2,10,1.59,75,25,-1.17,1.17,290,l.multiflorum,l,inter,0,0,0.05,1
291,8,low,73,b.hordeaceus,b,2,10,1.59,75,25,-1.17,1.17,291,b.hordeaceus,b,intra,0,0,0.01,1
292,8,low,73,b.hordeaceus,b,2,10,1.59,75,25,-1.17,1.17,292,f.myuros,f,inter,0,0,0.01,1
293,8,low,74,no.nei,n,0,0,0.21,,17.5,-1.05,1.05,293,b.hordeaceus,b,inter,0,0,0.11,1
294,8,low,74,no.nei,n,0,0,0.21,,17.5,-1.05,1.05,294,f.myuros,f,inter,0,0,0.18,1
295,8,low,74,no.nei,n,0,0,0.21,,17.5,-1.05,1.05,295,c.amoena,c,inter,0,0,0,0
296,8,low,74,no.nei,n,0,0,0.21,,17.5,-1.05,1.05,296,l.multiflorum,l,inter,0,0,0.08,1
297,8,low,75,b.hordeaceus,b,1,2,1.39,100,17.5,-1.435,1.435,297,l.multiflorum,l,inter,0,0,0,0
298,8,low,75,b.hordeaceus,b,1,2,1.39,100,17.5,-1.435,1.435,298,b.hordeaceus,b,intra,0,0,0.01,1
299,8,low,75,b.hordeaceus,b,1,2,1.39,100,17.5,-1.435,1.435,299,f.myuros,f,inter,0,0,0.01,1
300,8,low,75,b.hordeaceus,b,1,2,1.39,100,17.5,-1.435,1.435,300,c.amoena,c,inter,0,0,0,0
301,8,low,76,l.multiflorum,l,2,10,0,100,25,-1.65,1.65,301,l.multiflorum,l,intra,0,0,0,0
302,8,low,76,l.multiflorum,l,2,10,0,100,25,-1.65,1.65,302,f.myuros,f,inter,0,0,0.01,1
303,8,low,76,l.multiflorum,l,2,10,0,100,25,-1.65,1.65,303,c.amoena,c,inter,0,0,0,0
304,8,low,76,l.multiflorum,l,2,10,0,100,25,-1.65,1.65,304,b.hordeaceus,b,inter,0,0,0.04,1
305,8,low,77,l.multiflorum,l,1,2,2.27,100,5,-1.015,1.015,305,c.amoena,c,inter,0,0,0,0
306,8,low,77,l.multiflorum,l,1,2,2.27,100,5,-1.015,1.015,306,f.myuros,f,inter,0,0,0.06,1
307,8,low,77,l.multiflorum,l,1,2,2.27,100,5,-1.015,1.015,307,b.hordeaceus,b,inter,0,0,0.02,1
308,8,low,77,l.multiflorum,l,1,2,2.27,100,5,-1.015,1.015,308,l.multiflorum,l,intra,0,0,0,0
309,8,low,78,f.myuros,f,2,10,7.45,50,35,-0.9,0.9,309,l.multiflorum,l,inter,0,0,0.01,1
310,8,low,78,f.myuros,f,2,10,7.45,50,35,-0.9,0.9,310,b.hordeaceus,b,inter,0,0,0.02,1
311,8,low,78,f.myuros,f,2,10,7.45,50,35,-0.9,0.9,311,f.myuros,f,intra,0,0,0.01,1
312,8,low,78,f.myuros,f,2,10,7.45,50,35,-0.9,0.9,312,c.amoena,c,inter,0,0,0,0
313,8,low,79,c.amoena,c,1,2,3.56,100,0,-1.63,1.63,313,c.amoena,c,intra,0,0,0,0
314,8,low,79,c.amoena,c,1,2,3.56,100,0,-1.63,1.63,314,b.hordeaceus,b,inter,0,0,0.01,1
315,8,low,79,c.amoena,c,1,2,3.56,100,0,-1.63,1.63,315,f.myuros,f,inter,0,0,0,0
316,8,low,79,c.amoena,c,1,2,3.56,100,0,-1.63,1.63,316,l.multiflorum,l,inter,0,0,0,0
317,8,low,80,f.myuros,f,1,2,1.47,100,0,-0.02,0.02,317,f.myuros,f,intra,0,0,0,0
318,8,low,80,f.myuros,f,1,2,1.47,100,0,-0.02,0.02,318,l.multiflorum,l,inter,0,0,0,0
319,8,low,80,f.myuros,f,1,2,1.47,100,0,-0.02,0.02,319,c.amoena,c,inter,0,0,0,0
320,8,low,80,f.myuros,f,1,2,1.47,100,0,-0.02,0.02,320,b.hordeaceus,b,inter,0,0,0,0
321,9,low,81,l.multiflorum,l,1,2,6.83,25,202.5,-0.75,0.75,321,l.multiflorum,l,intra,0,0,0.03,1
322,9,low,81,l.multiflorum,l,1,2,6.83,25,202.5,-0.75,0.75,322,f.myuros,f,inter,0,0,0.08,1
323,9,low,81,l.multiflorum,l,1,2,6.83,25,202.5,-0.75,0.75,323,b.hordeaceus,b,inter,52,1,0.17,1
324,9,low,81,l.multiflorum,l,1,2,6.83,25,202.5,-0.75,0.75,324,c.amoena,c,inter,0,0,0.08,1
325,9,low,82,f.myuros,f,1,2,47.89,25,125,-0.335,0.335,325,l.multiflorum,l,inter,0,0,0.2,1
326,9,low,82,f.myuros,f,1,2,47.89,25,125,-0.335,0.335,326,c.amoena,c,inter,0,0,0.3,1
327,9,low,82,f.myuros,f,1,2,47.89,25,125,-0.335,0.335,327,b.hordeaceus,b,inter,0,0,0.24,1
328,9,low,82,f.myuros,f,1,2,47.89,25,125,-0.335,0.335,328,f.myuros,f,intra,0,0,0.24,1
329,9,low,83,b.hordeaceus,b,2,10,62.71,0,180,-0.285,0.285,329,f.myuros,f,inter,0,0,0.12,1
330,9,low,83,b.hordeaceus,b,2,10,62.71,0,180,-0.285,0.285,330,b.hordeaceus,b,intra,30,1,0.23,1
331,9,low,83,b.hordeaceus,b,2,10,62.71,0,180,-0.285,0.285,331,l.multiflorum,l,inter,0,0,0.41,1
332,9,low,83,b.hordeaceus,b,2,10,62.71,0,180,-0.285,0.285,332,c.amoena,c,inter,88,1,0.13,1
333,9,low,84,b.hordeaceus,b,1,2,43.75,25,150,-1.035,1.035,333,b.hordeaceus,b,intra,6,1,0.13,1
334,9,low,84,b.hordeaceus,b,1,2,43.75,25,150,-1.035,1.035,334,c.amoena,c,inter,0,0,1.09,1
335,9,low,84,b.hordeaceus,b,1,2,43.75,25,150,-1.035,1.035,335,l.multiflorum,l,inter,0,0,0.25,1
336,9,low,84,b.hordeaceus,b,1,2,43.75,25,150,-1.035,1.035,336,f.myuros,f,inter,0,0,0.18,1
337,9,low,85,f.myuros,f,2,10,47.55,0,102.5,0.1,-0.1,337,b.hordeaceus,b,inter,0,0,0.09,1
338,9,low,85,f.myuros,f,2,10,47.55,0,102.5,0.1,-0.1,338,l.multiflorum,l,inter,0,0,0,0
339,9,low,85,f.myuros,f,2,10,47.55,0,102.5,0.1,-0.1,339,f.myuros,f,intra,0,0,0.34,1
340,9,low,85,f.myuros,f,2,10,47.55,0,102.5,0.1,-0.1,340,c.amoena,c,inter,0,0,0.06,1
341,9,low,86,c.amoena,c,1,2,84.87,0,322.5,0.33,-0.33,341,b.hordeaceus,b,inter,55,1,0.23,1
342,9,low,86,c.amoena,c,1,2,84.87,0,322.5,0.33,-0.33,342,c.amoena,c,intra,216,1,0.36,1
343,9,low,86,c.amoena,c,1,2,84.87,0,322.5,0.33,-0.33,343,l.multiflorum,l,inter,0,0,0.38,1
344,9,low,86,c.amoena,c,1,2,84.87,0,322.5,0.33,-0.33,344,f.myuros,f,inter,0,0,0.19,1
345,9,low,87,c.amoena,c,2,10,75.14,0,255,-0.585,0.585,345,b.hordeaceus,b,inter,95,1,0.35,1
346,9,low,87,c.amoena,c,2,10,75.14,0,255,-0.585,0.585,346,c.amoena,c,intra,319,1,0.47,1
347,9,low,87,c.amoena,c,2,10,75.14,0,255,-0.585,0.585,347,f.myuros,f,inter,0,0,0.18,1
348,9,low,87,c.amoena,c,2,10,75.14,0,255,-0.585,0.585,348,l.multiflorum,l,inter,249,1,0.87,1
349,9,low,88,l.multiflorum,l,2,10,7.56,25,165,-0.45,0.45,349,f.myuros,f,inter,0,0,0,0
350,9,low,88,l.multiflorum,l,2,10,7.56,25,165,-0.45,0.45,350,c.amoena,c,inter,0,0,0.06,1
351,9,low,88,l.multiflorum,l,2,10,7.56,25,165,-0.45,0.45,351,b.hordeaceus,b,inter,0,0,0.05,1
352,9,low,88,l.multiflorum,l,2,10,7.56,25,165,-0.45,0.45,352,l.multiflorum,l,intra,0,0,0.02,1
353,9,low,89,no.nei,n,0,0,1.72,,0,-1.27,1.27,353,f.myuros,f,inter,0,0,0.36,1
354,9,low,89,no.nei,n,0,0,1.72,,0,-1.27,1.27,354,b.hordeaceus,b,inter,0,0,0.13,1
355,9,low,89,no.nei,n,0,0,1.72,,0,-1.27,1.27,355,l.multiflorum,l,inter,0,0,0.12,1
356,9,low,89,no.nei,n,0,0,1.72,,0,-1.27,1.27,356,c.amoena,c,inter,0,0,0.25,1
357,9,low,90,no.nei,n,0,0,0.35,,0,-1.765,1.765,357,c.amoena,c,inter,0,0,0.84,1
358,9,low,90,no.nei,n,0,0,0.35,,0,-1.765,1.765,358,l.multiflorum,l,inter,0,0,0.3,1
359,9,low,90,no.nei,n,0,0,0.35,,0,-1.765,1.765,359,b.hordeaceus,b,inter,0,0,0.17,1
360,9,low,90,no.nei,n,0,0,0.35,,0,-1.765,1.765,360,f.myuros,f,inter,0,0,0.44,1
361,10,high,91,f.myuros,f,1,2,49.71,0,122.5,0.565,-0.565,361,f.myuros,f,intra,0,0,0.12,1
362,10,high,91,f.myuros,f,1,2,49.71,0,122.5,0.565,-0.565,362,b.hordeaceus,b,inter,0,0,0.01,1
363,10,high,91,f.myuros,f,1,2,49.71,0,122.5,0.565,-0.565,363,c.amoena,c,inter,0,0,0.02,1
364,10,high,91,f.myuros,f,1,2,49.71,0,122.5,0.565,-0.565,364,l.multiflorum,l,inter,0,0,0,0
365,10,high,92,l.multiflorum,l,2,10,2.43,50,70,-1.035,1.035,365,f.myuros,f,inter,0,0,0.04,1
366,10,high,92,l.multiflorum,l,2,10,2.43,50,70,-1.035,1.035,366,c.amoena,c,inter,0,0,0,0
367,10,high,92,l.multiflorum,l,2,10,2.43,50,70,-1.035,1.035,367,b.hordeaceus,b,inter,0,0,0.14,1
368,10,high,92,l.multiflorum,l,2,10,2.43,50,70,-1.035,1.035,368,l.multiflorum,l,intra,0,0,0.02,1
369,10,high,93,f.myuros,f,2,10,26.36,25,120,-0.7,0.7,369,b.hordeaceus,b,inter,0,0,0.02,1
370,10,high,93,f.myuros,f,2,10,26.36,25,120,-0.7,0.7,370,c.amoena,c,inter,0,0,0,0
371,10,high,93,f.myuros,f,2,10,26.36,25,120,-0.7,0.7,371,f.myuros,f,intra,0,0,0.12,1
372,10,high,93,f.myuros,f,2,10,26.36,25,120,-0.7,0.7,372,l.multiflorum,l,inter,0,0,0,0
373,10,high,94,b.hordeaceus,b,2,10,29.93,25,115,0.07,-0.07,373,f.myuros,f,inter,0,0,0.09,1
374,10,high,94,b.hordeaceus,b,2,10,29.93,25,115,0.07,-0.07,374,b.hordeaceus,b,intra,5,1,0.1,1
375,10,high,94,b.hordeaceus,b,2,10,29.93,25,115,0.07,-0.07,375,c.amoena,c,inter,0,0,0,0
376,10,high,94,b.hordeaceus,b,2,10,29.93,25,115,0.07,-0.07,376,l.multiflorum,l,inter,0,0,0,0
377,10,high,95,l.multiflorum,l,1,2,0.6,100,17.5,-0.83,0.83,377,f.myuros,f,inter,0,0,0.05,1
378,10,high,95,l.multiflorum,l,1,2,0.6,100,17.5,-0.83,0.83,378,c.amoena,c,inter,0,0,0,0
379,10,high,95,l.multiflorum,l,1,2,0.6,100,17.5,-0.83,0.83,379,b.hordeaceus,b,inter,0,0,0.16,1
380,10,high,95,l.multiflorum,l,1,2,0.6,100,17.5,-0.83,0.83,380,l.multiflorum,l,intra,0,0,0,0
381,10,high,96,c.amoena,c,2,10,19.02,75,45,-0.1,0.1,381,f.myuros,f,inter,0,0,0.03,1
382,10,high,96,c.amoena,c,2,10,19.02,75,45,-0.1,0.1,382,c.amoena,c,intra,0,0,0.02,1
383,10,high,96,c.amoena,c,2,10,19.02,75,45,-0.1,0.1,383,b.hordeaceus,b,inter,0,0,0,0
384,10,high,96,c.amoena,c,2,10,19.02,75,45,-0.1,0.1,384,l.multiflorum,l,inter,0,0,0,0
385,10,high,97,no.nei,n,0,0,2.54,,17.5,-0.83,0.83,385,c.amoena,c,inter,0,0,0.09,1
386,10,high,97,no.nei,n,0,0,2.54,,17.5,-0.83,0.83,386,b.hordeaceus,b,inter,0,0,0.01,1
387,10,high,97,no.nei,n,0,0,2.54,,17.5,-0.83,0.83,387,f.myuros,f,inter,0,0,0.11,1
388,10,high,97,no.nei,n,0,0,2.54,,17.5,-0.83,0.83,388,l.multiflorum,l,inter,0,0,0.01,1
389,10,high,98,c.amoena,c,1,2,3.14,100,10,-1.185,1.185,389,l.multiflorum,l,inter,0,0,0.01,1
390,10,high,98,c.amoena,c,1,2,3.14,100,10,-1.185,1.185,390,b.hordeaceus,b,inter,0,0,0.07,1
391,10,high,98,c.amoena,c,1,2,3.14,100,10,-1.185,1.185,391,f.myuros,f,inter,0,0,0.01,1
392,10,high,98,c.amoena,c,1,2,3.14,100,10,-1.185,1.185,392,c.amoena,c,intra,0,0,0.01,1
393,10,high,99,b.hordeaceus,b,1,2,2.27,100,2.5,-0.915,0.915,393,b.hordeaceus,b,intra,0,0,0,0
394,10,high,99,b.hordeaceus,b,1,2,2.27,100,2.5,-0.915,0.915,394,f.myuros,f,inter,0,0,0.02,1
395,10,high,99,b.hordeaceus,b,1,2,2.27,100,2.5,-0.915,0.915,395,l.multiflorum,l,inter,0,0,0.01,1
396,10,high,99,b.hordeaceus,b,1,2,2.27,100,2.5,-0.915,0.915,396,c.amoena,c,inter,0,0,0,0
397,10,high,100,no.nei,n,0,0,0,,0,-1.365,1.365,397,c.amoena,c,inter,0,0,0,0
398,10,high,100,no.nei,n,0,0,0,,0,-1.365,1.365,398,f.myuros,f,inter,0,0,0.07,1
399,10,high,100,no.nei,n,0,0,0,,0,-1.365,1.365,399,l.multiflorum,l,inter,0,0,0,0
400,10,high,100,no.nei,n,0,0,0,,0,-1.365,1.365,400,b.hordeaceus,b,inter,0,0,0,0
401,11,low,101,no.nei,n,0,0,4.4,,17.5,-2.05,2.05,401,b.hordeaceus,b,inter,0,0,0.06,1
402,11,low,101,no.nei,n,0,0,4.4,,17.5,-2.05,2.05,402,l.multiflorum,l,inter,0,0,0.18,1
403,11,low,101,no.nei,n,0,0,4.4,,17.5,-2.05,2.05,403,c.amoena,c,inter,0,0,0.05,1
404,11,low,101,no.nei,n,0,0,4.4,,17.5,-2.05,2.05,404,f.myuros,f,inter,0,0,0.25,1
405,11,low,102,c.amoena,c,1,2,19.83,50,145,-1.7,1.7,405,c.amoena,c,intra,183,1,0.46,1
406,11,low,102,c.amoena,c,1,2,19.83,50,145,-1.7,1.7,406,f.myuros,f,inter,0,0,0.11,1
407,11,low,102,c.amoena,c,1,2,19.83,50,145,-1.7,1.7,407,l.multiflorum,l,inter,0,0,0.06,1
408,11,low,102,c.amoena,c,1,2,19.83,50,145,-1.7,1.7,408,b.hordeaceus,b,inter,0,0,0.04,1
409,11,low,103,l.multiflorum,l,1,2,13.6,50,80,-1.08,1.08,409,b.hordeaceus,b,inter,0,0,0.09,1
410,11,low,103,l.multiflorum,l,1,2,13.6,50,80,-1.08,1.08,410,f.myuros,f,inter,0,0,0.18,1
411,11,low,103,l.multiflorum,l,1,2,13.6,50,80,-1.08,1.08,411,c.amoena,c,inter,0,0,0,0
412,11,low,103,l.multiflorum,l,1,2,13.6,50,80,-1.08,1.08,412,l.multiflorum,l,intra,0,0,0.01,1
413,11,low,104,b.hordeaceus,b,1,2,2.41,75,32.5,-2.2,2.2,413,c.amoena,c,inter,0,0,0.01,1
414,11,low,104,b.hordeaceus,b,1,2,2.41,75,32.5,-2.2,2.2,414,f.myuros,f,inter,0,0,0.06,1
415,11,low,104,b.hordeaceus,b,1,2,2.41,75,32.5,-2.2,2.2,415,l.multiflorum,l,inter,0,0,0.04,1
416,11,low,104,b.hordeaceus,b,1,2,2.41,75,32.5,-2.2,2.2,416,b.hordeaceus,b,intra,0,0,0.01,1
417,11,low,105,f.myuros,f,1,2,29.51,25,102.5,0.63,-0.63,417,l.multiflorum,l,inter,0,0,0.19,1
418,11,low,105,f.myuros,f,1,2,29.51,25,102.5,0.63,-0.63,418,b.hordeaceus,b,inter,0,0,0.23,1
419,11,low,105,f.myuros,f,1,2,29.51,25,102.5,0.63,-0.63,419,f.myuros,f,intra,0,0,0.15,1
420,11,low,105,f.myuros,f,1,2,29.51,25,102.5,0.63,-0.63,420,c.amoena,c,inter,0,0,0,0
421,11,low,106,f.myuros,f,2,10,32.57,0,90,-0.565,0.565,421,l.multiflorum,l,inter,0,0,0.23,1
422,11,low,106,f.myuros,f,2,10,32.57,0,90,-0.565,0.565,422,c.amoena,c,inter,0,0,0,0
423,11,low,106,f.myuros,f,2,10,32.57,0,90,-0.565,0.565,423,f.myuros,f,intra,0,0,0.21,1
424,11,low,106,f.myuros,f,2,10,32.57,0,90,-0.565,0.565,424,b.hordeaceus,b,inter,37,1,0.1,1
425,11,low,107,c.amoena,c,2,10,47.48,0,280,-1.065,1.065,425,l.multiflorum,l,inter,0,0,1.36,1
426,11,low,107,c.amoena,c,2,10,47.48,0,280,-1.065,1.065,426,b.hordeaceus,b,inter,56,1,0.2,1
427,11,low,107,c.amoena,c,2,10,47.48,0,280,-1.065,1.065,427,c.amoena,c,intra,283,1,0.56,1
428,11,low,107,c.amoena,c,2,10,47.48,0,280,-1.065,1.065,428,f.myuros,f,inter,0,0,0.18,1
429,11,low,108,b.hordeaceus,b,2,10,57.34,0,155,0.215,-0.215,429,f.myuros,f,inter,0,0,0.18,1
430,11,low,108,b.hordeaceus,b,2,10,57.34,0,155,0.215,-0.215,430,b.hordeaceus,b,intra,13,1,0.13,1
431,11,low,108,b.hordeaceus,b,2,10,57.34,0,155,0.215,-0.215,431,c.amoena,c,inter,0,0,0.19,1
432,11,low,108,b.hordeaceus,b,2,10,57.34,0,155,0.215,-0.215,432,l.multiflorum,l,inter,0,0,0.05,1
433,11,low,109,no.nei,n,0,0,4.98,,0,-1.635,1.635,433,c.amoena,c,inter,0,0,0.72,1
434,11,low,109,no.nei,n,0,0,4.98,,0,-1.635,1.635,434,l.multiflorum,l,inter,0,0,0.23,1
435,11,low,109,no.nei,n,0,0,4.98,,0,-1.635,1.635,435,f.myuros,f,inter,0,0,0.26,1
436,11,low,109,no.nei,n,0,0,4.98,,0,-1.635,1.635,436,b.hordeaceus,b,inter,0,0,0.14,1
437,11,low,110,l.multiflorum,l,2,10,4.18,25,132.5,-1.15,1.15,437,b.hordeaceus,b,inter,0,0,0.01,1
438,11,low,110,l.multiflorum,l,2,10,4.18,25,132.5,-1.15,1.15,438,c.amoena,c,inter,0,0,0.01,1
439,11,low,110,l.multiflorum,l,2,10,4.18,25,132.5,-1.15,1.15,439,l.multiflorum,l,intra,0,0,0.01,1
440,11,low,110,l.multiflorum,l,2,10,4.18,25,132.5,-1.15,1.15,440,f.myuros,f,inter,0,0,0.09,1
441,12,high,111,c.amoena,c,1,2,54.76,0,360,-1.835,1.835,441,f.myuros,f,inter,0,0,0.06,1
442,12,high,111,c.amoena,c,1,2,54.76,0,360,-1.835,1.835,442,c.amoena,c,intra,225,1,0.57,1
443,12,high,111,c.amoena,c,1,2,54.76,0,360,-1.835,1.835,443,l.multiflorum,l,inter,0,0,0.45,1
444,12,high,111,c.amoena,c,1,2,54.76,0,360,-1.835,1.835,444,b.hordeaceus,b,inter,6,1,0.36,1
445,12,high,112,no.nei,n,0,0,15.32,,0,-2.5,2.5,445,f.myuros,f,inter,0,0,0.1,1
446,12,high,112,no.nei,n,0,0,15.32,,0,-2.5,2.5,446,b.hordeaceus,b,inter,0,0,0.09,1
447,12,high,112,no.nei,n,0,0,15.32,,0,-2.5,2.5,447,l.multiflorum,l,inter,0,0,0.21,1
448,12,high,112,no.nei,n,0,0,15.32,,0,-2.5,2.5,448,c.amoena,c,inter,0,0,0.31,1
449,12,high,113,b.hordeaceus,b,1,2,21.84,25,105,-0.65,0.65,449,f.myuros,f,inter,0,0,0.07,1
450,12,high,113,b.hordeaceus,b,1,2,21.84,25,105,-0.65,0.65,450,l.multiflorum,l,inter,0,0,0.46,1
451,12,high,113,b.hordeaceus,b,1,2,21.84,25,105,-0.65,0.65,451,c.amoena,c,inter,0,0,0,0
452,12,high,113,b.hordeaceus,b,1,2,21.84,25,105,-0.65,0.65,452,b.hordeaceus,b,intra,0,0,0.04,1
453,12,high,114,no.nei,n,0,0,0.32,,0,-2.53,2.53,453,c.amoena,c,inter,0,0,0.21,1
454,12,high,114,no.nei,n,0,0,0.32,,0,-2.53,2.53,454,b.hordeaceus,b,inter,0,0,0.11,1
455,12,high,114,no.nei,n,0,0,0.32,,0,-2.53,2.53,455,f.myuros,f,inter,0,0,0.28,1
456,12,high,114,no.nei,n,0,0,0.32,,0,-2.53,2.53,456,l.multiflorum,l,inter,0,0,0.16,1
457,12,high,115,b.hordeaceus,b,2,10,19.2,25,112.5,-1.13,1.13,457,c.amoena,c,inter,0,0,0,0
458,12,high,115,b.hordeaceus,b,2,10,19.2,25,112.5,-1.13,1.13,458,l.multiflorum,l,inter,0,0,0.04,1
459,12,high,115,b.hordeaceus,b,2,10,19.2,25,112.5,-1.13,1.13,459,b.hordeaceus,b,intra,2,1,0.07,1
460,12,high,115,b.hordeaceus,b,2,10,19.2,25,112.5,-1.13,1.13,460,f.myuros,f,inter,0,0,0.03,1
461,12,high,116,f.myuros,f,2,10,0,25,112.5,-0.95,0.95,461,l.multiflorum,l,inter,0,0,0,0
462,12,high,116,f.myuros,f,2,10,0,25,112.5,-0.95,0.95,462,c.amoena,c,inter,0,0,0,0
463,12,high,116,f.myuros,f,2,10,0,25,112.5,-0.95,0.95,463,b.hordeaceus,b,inter,0,0,0.01,1
464,12,high,116,f.myuros,f,2,10,0,25,112.5,-0.95,0.95,464,f.myuros,f,intra,0,0,0.02,1
465,12,high,117,l.multiflorum,l,1,2,1.64,100,12.5,-0.75,0.75,465,c.amoena,c,inter,0,0,0,0
466,12,high,117,l.multiflorum,l,1,2,1.64,100,12.5,-0.75,0.75,466,f.myuros,f,inter,0,0,0.05,1
467,12,high,117,l.multiflorum,l,1,2,1.64,100,12.5,-0.75,0.75,467,l.multiflorum,l,intra,0,0,0,0
468,12,high,117,l.multiflorum,l,1,2,1.64,100,12.5,-0.75,0.75,468,b.hordeaceus,b,inter,0,0,0,0
469,12,high,118,l.multiflorum,l,2,10,0,100,20,-1.465,1.465,469,b.hordeaceus,b,inter,0,0,0,0
470,12,high,118,l.multiflorum,l,2,10,0,100,20,-1.465,1.465,470,l.multiflorum,l,intra,0,0,0.01,1
471,12,high,118,l.multiflorum,l,2,10,0,100,20,-1.465,1.465,471,c.amoena,c,inter,0,0,0,0
472,12,high,118,l.multiflorum,l,2,10,0,100,20,-1.465,1.465,472,f.myuros,f,inter,0,0,0.07,1
473,12,high,119,f.myuros,f,1,2,3.04,100,25,-0.185,0.185,473,l.multiflorum,l,inter,0,0,0.02,1
474,12,high,119,f.myuros,f,1,2,3.04,100,25,-0.185,0.185,474,f.myuros,f,intra,0,0,0.01,1
475,12,high,119,f.myuros,f,1,2,3.04,100,25,-0.185,0.185,475,c.amoena,c,inter,0,0,0,0
476,12,high,119,f.myuros,f,1,2,3.04,100,25,-0.185,0.185,476,b.hordeaceus,b,inter,0,0,0.02,1
477,12,high,120,c.amoena,c,2,10,9.21,100,12.5,-0.785,0.785,477,b.hordeaceus,b,inter,0,0,0.01,1
478,12,high,120,c.amoena,c,2,10,9.21,100,12.5,-0.785,0.785,478,f.myuros,f,inter,0,0,0,0
479,12,high,120,c.amoena,c,2,10,9.21,100,12.5,-0.785,0.785,479,l.multiflorum,l,inter,0,0,0,0
480,12,high,120,c.amoena,c,2,10,9.21,100,12.5,-0.785,0.785,480,c.amoena,c,intra,0,0,0,0